{"Signal Intensity": {"bias_ipw": {"pearson": 0.9437155591875851, "spearman": 0.9413533834586465}, "spearman": {"pearson": 0.9946568598445102, "spearman": 0.9804364183596688}, "bias_strat": {"pearson": 0.9893031270054035, "spearman": 0.9203007518796992}, "test_acc": {"pearson": 0.9956032431865887, "spearman": 0.9864661654135337}, "mse_ipsw": {"pearson": 0.7233466170807021, "spearman": 0.7170805116629043}}, "Absence of Treatment Effect": {"bias_ipw": {"pearson": 0.7592986553588177, "spearman": 0.8545454545454544}, "spearman": {"pearson": 0.7207943687730227, "spearman": 0.5151515151515151}, "bias_strat": {"pearson": 0.5687036254362211, "spearman": 0.6848484848484848}, "test_acc": {"pearson": 0.6694068891891011, "spearman": 0.5515151515151515}, "mse_ipsw": {"pearson": 0.16928947047594503, "spearman": 0.7454545454545454}}, "Number of Users": {"bias_ipw": {"pearson": 0.8437047721625762, "spearman": 0.8104560622914349}, "spearman": {"pearson": 0.9418352526489201, "spearman": 0.9262104022123924}, "bias_strat": {"pearson": 0.8967618518738891, "spearman": 0.8620689655172413}, "test_acc": {"pearson": 0.9394802499851334, "spearman": 0.935483870967742}, "mse_ipsw": {"pearson": 0.9012162233156902, "spearman": 0.9327543976842572}}, "Strength of Selection Effect": {"bias_ipw": {"pearson": 0.5121311971404827, "spearman": 0.6120300751879698}, "spearman": {"pearson": 0.8361092051913414, "spearman": 0.764949283129575}, "bias_strat": {"pearson": 0.7026375652054845, "spearman": 0.7218045112781954}, "test_acc": {"pearson": 0.8087747354701337, "spearman": 0.7699248120300751}, "mse_ipsw": {"pearson": 0.2979855527581609, "spearman": 0.8796087283671932}}, "Linguistic Complexity": {"bias_ipw": {"pearson": 0.8896274318399867, "spearman": 0.8921200750469044}, "spearman": {"pearson": 0.9950661664256231, "spearman": 0.980668168168168}, "bias_strat": {"pearson": 0.9825046590935815, "spearman": 0.9656660412757976}, "test_acc": {"pearson": 0.9937245973901876, "spearman": 0.979924953095685}, "mse_ipsw": {"pearson": 0.4060192322616086, "spearman": 0.5708920187793427}}}