{"Logistic_Regression": {"bias_ipw": {"pearson": 0.780285931592064, "spearman": 0.5804195804195805}, "spearman": {"pearson": 0.7575906346612906, "spearman": 0.9359430604982207}, "bias_strat": {"pearson": 0.9240305261724722, "spearman": 0.9160839160839163}, "test_acc": {"pearson": 0.8738876258093498, "spearman": 0.8881118881118882}, "mse_ipsw": {"pearson": 0.45121300498552946, "spearman": 0.9440559440559443}}, "Simple_NN_(1gram)": {"bias_ipw": {"pearson": 0.8781806641265868, "spearman": 0.6853146853146854}, "spearman": {"pearson": 0.9254568788991138, "spearman": 0.9928825622775801}, "bias_strat": {"pearson": 0.969720247613059, "spearman": 0.9230769230769231}, "test_acc": {"pearson": 0.9598788066382349, "spearman": 0.9510489510489512}, "mse_ipsw": {"pearson": 0.9992622580906074, "spearman": 0.8181818181818183}}, "HBERT": {"bias_ipw": {"pearson": 0.42197340443553366, "spearman": 0.2517482517482518}, "spearman": {"pearson": 0.4170879529822317, "spearman": 0.7010676156583631}, "bias_strat": {"pearson": 0.614682387947523, "spearman": 0.5314685314685316}, "test_acc": {"pearson": 0.48077080910603875, "spearman": 0.22377622377622378}, "mse_ipsw": {"pearson": 0.988403423462346, "spearman": 0.31468531468531474}}, "Logistic_Regression_counts": {"bias_ipw": {"pearson": 0.8228453475800755, "spearman": 0.6153846153846154}, "spearman": {"pearson": 0.829427421024061, "spearman": 0.9145907473309609}, "bias_strat": {"pearson": 0.9300143305383964, "spearman": 0.8881118881118882}, "test_acc": {"pearson": 0.9202033379303627, "spearman": 0.8741258741258742}, "mse_ipsw": {"pearson": 0.601926548222568, "spearman": 0.6503496503496504}}, "Logistic_Regression_LDA": {"bias_ipw": {"pearson": 0.985894234297339, "spearman": 0.3846153846153847}, "spearman": {"pearson": 0.7300581786244246, "spearman": 0.3879003558718862}, "bias_strat": {"pearson": 0.985260958011368, "spearman": 0.44055944055944063}, "test_acc": {"pearson": 0.7833790353630767, "spearman": 0.5454545454545455}, "mse_ipsw": {"pearson": 0.9999937799396927, "spearman": 0.7062937062937064}}, "Simple_NN_counts": {"bias_ipw": {"pearson": 0.6637528597537198, "spearman": 0.4265734265734266}, "spearman": {"pearson": 0.7747007054556356, "spearman": 0.9715302491103204}, "bias_strat": {"pearson": 0.8795972164539014, "spearman": 0.8111888111888113}, "test_acc": {"pearson": 0.8951881163781041, "spearman": 0.9160839160839163}, "mse_ipsw": {"pearson": 0.9976295918293062, "spearman": 0.8811188811188813}}, "Logistic_Regression_(1gram)": {"bias_ipw": {"pearson": 0.8933535734757262, "spearman": 0.7272727272727274}, "spearman": {"pearson": 0.9309783649499055, "spearman": 0.9359430604982207}, "bias_strat": {"pearson": 0.9643862927802026, "spearman": 0.9370629370629372}, "test_acc": {"pearson": 0.9630249220896286, "spearman": 0.9230769230769231}, "mse_ipsw": {"pearson": 0.7353110867232933, "spearman": 0.9440559440559443}}, "oracle": {"bias_ipw": {"pearson": 0.11685914835476906, "spearman": 0.04895104895104895}, "spearman": {"pearson": 0.0, "spearman": -0.17407765595569785}, "bias_strat": {"pearson": -0.3643701706620667, "spearman": -0.31468531468531474}, "test_acc": {"pearson": 0.6802468743522496, "spearman": 0.46153846153846156}, "mse_ipsw": {"pearson": NaN, "spearman": NaN}}, "Simple_NN_LDA": {"bias_ipw": {"pearson": 0.9869330668431933, "spearman": 0.5874125874125874}, "spearman": {"pearson": 0.7886165742124742, "spearman": 0.22419928825622776}, "bias_strat": {"pearson": 0.9862853714252218, "spearman": 0.4895104895104896}, "test_acc": {"pearson": 0.8766669065199502, "spearman": 0.6923076923076924}, "mse_ipsw": {"pearson": 0.9999954363780654, "spearman": 0.8041958041958043}}, "Simple_NN": {"bias_ipw": {"pearson": 0.9330896763517452, "spearman": 0.8391608391608393}, "spearman": {"pearson": 0.8288653280304739, "spearman": 0.9359430604982207}, "bias_strat": {"pearson": 0.899457504818636, "spearman": 0.8461538461538463}, "test_acc": {"pearson": 0.9285842442023872, "spearman": 0.9580419580419581}, "mse_ipsw": {"pearson": 0.997841901885439, "spearman": 0.8811188811188813}}}