{"bias_ipw": {"pearson": 0.7877592429959757, "spearman": 0.8342176540037501}, "spearman": {"pearson": 0.9243049357374051, "spearman": 0.9084872052242356}, "bias_strat": {"pearson": 0.9066167684709633, "spearman": 0.8944440586151814}, "test_acc": {"pearson": 0.9175951978509319, "spearman": 0.9094798249878463}, "mse_ipsw": {"pearson": 0.7722958428051302, "spearman": 0.8482901972234389}}