{"Signal Intensity": {"bias_ipw_gt": {"pearson": 0.9306826378228719, "spearman": 0.9473684210526315}, "spearman_gt": {"pearson": 0.9946568598445102, "spearman": 0.9804364183596688}, "test_acc_gt": {"pearson": 0.9956029350036734, "spearman": 0.9864661654135337}, "mse_ipsw_gt": {"pearson": 0.7277836487066354, "spearman": 0.7396538750940556}, "bias_strat_gt": {"pearson": 0.9915443678653552, "spearman": 0.9879699248120299}}, "Number of Users": {"bias_ipw_gt": {"pearson": 0.7579189737529753, "spearman": 0.6916573971078976}, "spearman_gt": {"pearson": 0.9418352526489228, "spearman": 0.9262104022123924}, "test_acc_gt": {"pearson": 0.9397696394037732, "spearman": 0.9372426896789096}, "mse_ipsw_gt": {"pearson": 0.8795234014129139, "spearman": 0.9291917167668668}, "bias_strat_gt": {"pearson": 0.8693272933595946, "spearman": 0.8602892102335928}}, "Absence of Treatment Effect": {"bias_ipw_gt": {"pearson": 0.7417876644702732, "spearman": 0.8303030303030302}, "spearman_gt": {"pearson": 0.7207943687730334, "spearman": 0.5151515151515151}, "test_acc_gt": {"pearson": 0.6693981717389166, "spearman": 0.5471149893120582}, "mse_ipsw_gt": {"pearson": 0.11100650851300407, "spearman": 0.7575757575757575}, "bias_strat_gt": {"pearson": 0.26658107219141636, "spearman": -0.16363636363636364}}, "Strength of Selection Effect": {"bias_ipw_gt": {"pearson": 0.42002600656433053, "spearman": 0.6225563909774435}, "spearman_gt": {"pearson": 0.8361092051913473, "spearman": 0.764949283129575}, "test_acc_gt": {"pearson": 0.8088576247961665, "spearman": 0.7664536081701444}, "mse_ipsw_gt": {"pearson": 0.23527159370915787, "spearman": 0.8796087283671932}, "bias_strat_gt": {"pearson": 0.6535527854911943, "spearman": 0.6556390977443608}}, "Linguistic Complexity": {"bias_ipw_gt": {"pearson": 0.8486759014966904, "spearman": 0.8540337711069419}, "spearman_gt": {"pearson": 0.9950661664256231, "spearman": 0.980668168168168}, "test_acc_gt": {"pearson": 0.9937292212098409, "spearman": 0.9801548216275926}, "mse_ipsw_gt": {"pearson": 0.3798806420086821, "spearman": 0.5686384976525821}, "bias_strat_gt": {"pearson": 0.9276990761283791, "spearman": 0.9007504690431521}}}