{"Logistic_Regression_(1gram)": {"bias_ipw_gt": {"pearson": 0.8826441694937543, "spearman": 0.6363636363636365}, "spearman_gt": {"pearson": 0.9309783649498982, "spearman": 0.9359430604982207}, "test_acc_gt": {"pearson": 0.9627879883597183, "spearman": 0.9501779359430605}, "mse_ipsw_gt": {"pearson": 0.6375608685309188, "spearman": 0.9145907473309609}, "bias_strat_gt": {"pearson": 0.9028205971340666, "spearman": 0.5594405594405596}}, "Simple_NN_LDA": {"bias_ipw_gt": {"pearson": 0.9145238810990879, "spearman": 0.06293706293706294}, "spearman_gt": {"pearson": 0.7886165742124767, "spearman": 0.22419928825622776}, "test_acc_gt": {"pearson": 0.8769443772124595, "spearman": 0.7224199288256229}, "mse_ipsw_gt": {"pearson": 0.999994281272048, "spearman": 0.8291814946619217}, "bias_strat_gt": {"pearson": 0.9107887439655727, "spearman": 0.1398601398601399}}, "Simple_NN": {"bias_ipw_gt": {"pearson": 0.8525438985051196, "spearman": 0.7132867132867133}, "spearman_gt": {"pearson": 0.8288653280305021, "spearman": 0.9359430604982207}, "test_acc_gt": {"pearson": 0.9280478104014049, "spearman": 0.9786476868327402}, "mse_ipsw_gt": {"pearson": 0.9978590440106259, "spearman": 0.8932384341637012}, "bias_strat_gt": {"pearson": 0.8365535809987125, "spearman": 0.6433566433566434}}, "Simple_NN_(1gram)": {"bias_ipw_gt": {"pearson": 0.8524116140745123, "spearman": 0.5104895104895105}, "spearman_gt": {"pearson": 0.9254568788991007, "spearman": 0.9928825622775801}, "test_acc_gt": {"pearson": 0.9603149043067003, "spearman": 0.9857651245551602}, "mse_ipsw_gt": {"pearson": 0.9992647728445413, "spearman": 0.8291814946619217}, "bias_strat_gt": {"pearson": 0.8974227036585188, "spearman": 0.4895104895104896}}, "HBERT": {"bias_ipw_gt": {"pearson": 0.37619402271383573, "spearman": 0.2937062937062937}, "spearman_gt": {"pearson": 0.4170879529822462, "spearman": 0.7010676156583631}, "test_acc_gt": {"pearson": 0.48028042824808376, "spearman": 0.2384341637010676}, "mse_ipsw_gt": {"pearson": 0.9885315526844461, "spearman": 0.31672597864768687}, "bias_strat_gt": {"pearson": 0.5969125073888302, "spearman": 0.3426573426573427}}, "oracle": {"bias_ipw_gt": {"pearson": -0.3661502975895539, "spearman": -0.2517482517482518}, "spearman_gt": {"pearson": 0.0, "spearman": -0.17407765595569785}, "test_acc_gt": {"pearson": 0.6779180570843449, "spearman": 0.45907473309608543}, "mse_ipsw_gt": {"pearson": NaN, "spearman": NaN}, "bias_strat_gt": {"pearson": -0.08545428065936679, "spearman": 0.04195804195804196}}, "Logistic_Regression_LDA": {"bias_ipw_gt": {"pearson": 0.9135479004915807, "spearman": 0.1328671328671329}, "spearman_gt": {"pearson": 0.730058178624413, "spearman": 0.3879003558718862}, "test_acc_gt": {"pearson": 0.7835780086076424, "spearman": 0.5658362989323843}, "mse_ipsw_gt": {"pearson": 0.9999931794196864, "spearman": 0.7366548042704627}, "bias_strat_gt": {"pearson": 0.9161165918430303, "spearman": 0.18181818181818185}}, "Logistic_Regression": {"bias_ipw_gt": {"pearson": 0.6594578671526673, "spearman": 0.15384615384615385}, "spearman_gt": {"pearson": 0.7575906346613649, "spearman": 0.9359430604982207}, "test_acc_gt": {"pearson": 0.872615882333944, "spearman": 0.8877019450603078}, "mse_ipsw_gt": {"pearson": 0.36964028909675267, "spearman": 0.9786476868327402}, "bias_strat_gt": {"pearson": 0.8954675832670655, "spearman": 0.8251748251748254}}, "Simple_NN_counts": {"bias_ipw_gt": {"pearson": 0.6442420913475903, "spearman": 0.30069930069930073}, "spearman_gt": {"pearson": 0.7747007054556578, "spearman": 0.9715302491103204}, "test_acc_gt": {"pearson": 0.8960883730264838, "spearman": 0.9428571428571428}, "mse_ipsw_gt": {"pearson": 0.9976337885116898, "spearman": 0.8861209964412811}, "bias_strat_gt": {"pearson": 0.8393483839423306, "spearman": 0.6783216783216784}}, "Logistic_Regression_counts": {"bias_ipw_gt": {"pearson": 0.7209536072215801, "spearman": 0.4055944055944056}, "spearman_gt": {"pearson": 0.8294274210240203, "spearman": 0.9145907473309609}, "test_acc_gt": {"pearson": 0.9201405179734418, "spearman": 0.8861209964412811}, "mse_ipsw_gt": {"pearson": 0.542483255927212, "spearman": 0.6583629893238435}, "bias_strat_gt": {"pearson": 0.8806217324986148, "spearman": 0.6363636363636365}}}