{"bias_ipw_gt": {"pearson": 0.7398180648412318, "spearman": 0.7749982637683172}, "spearman_gt": {"pearson": 0.924304935737408, "spearman": 0.9084872052242356}, "test_acc_gt": {"pearson": 0.9176209902390099, "spearman": 0.9110105030688884}, "mse_ipsw_gt": {"pearson": 0.6896067688922402, "spearman": 0.8469523620801742}, "bias_strat_gt": {"pearson": 0.8775843083742892, "spearman": 0.8719772206403222}}