{"Signal Intensity": {"bias_ipw": {"pearson": 0.9514409519109309, "spearman": 0.9398496240601503}, "spearman": {"pearson": 0.9946568598445101, "spearman": 0.9804364183596688}, "bias_strat": {"pearson": 0.9922040845353568, "spearman": 0.932330827067669}, "test_acc": {"pearson": 0.9954639623835455, "spearman": 0.9894736842105262}, "mse_ipsw": {"pearson": 0.7299277988206108, "spearman": 0.7155756207674943}}, "Absence of Treatment Effect": {"bias_ipw": {"pearson": 0.7947096707843214, "spearman": 0.8303030303030302}, "spearman": {"pearson": 0.7207943687730342, "spearman": 0.5151515151515151}, "bias_strat": {"pearson": 0.3683968866548021, "spearman": -0.006060606060606061}, "test_acc": {"pearson": 0.669157791481433, "spearman": 0.5393939393939393}, "mse_ipsw": {"pearson": 0.19386144814573394, "spearman": 0.8181818181818182}}, "Number of Users": {"bias_ipw": {"pearson": 0.7998148317057809, "spearman": 0.7299221357063403}, "spearman": {"pearson": 0.941835252648923, "spearman": 0.9262104022123924}, "bias_strat": {"pearson": 0.9334352144706887, "spearman": 0.9292547274749722}, "test_acc": {"pearson": 0.9407331281774978, "spearman": 0.9377085650723025}, "mse_ipsw": {"pearson": 0.892667646458841, "spearman": 0.9291917167668668}}, "Strength of Selection Effect": {"bias_ipw": {"pearson": 0.3961059815748319, "spearman": 0.47368421052631576}, "spearman": {"pearson": 0.8361092051913479, "spearman": 0.764949283129575}, "bias_strat": {"pearson": 0.6743839848365654, "spearman": 0.5323308270676691}, "test_acc": {"pearson": 0.8092655987533075, "spearman": 0.7699248120300751}, "mse_ipsw": {"pearson": 0.28350664792432234, "spearman": 0.8796087283671932}}, "Linguistic Complexity": {"bias_ipw": {"pearson": 0.8934837158052225, "spearman": 0.8983114446529082}, "spearman": {"pearson": 0.9950661664256231, "spearman": 0.980668168168168}, "bias_strat": {"pearson": 0.9821113016426168, "spearman": 0.9645403377110695}, "test_acc": {"pearson": 0.9936622012596076, "spearman": 0.9818011257035649}, "mse_ipsw": {"pearson": 0.3827598813267157, "spearman": 0.5738967136150234}}}