{"bias_ipw": {"pearson": 0.7861860142332535, "spearman": 0.804861448711716}, "spearman": {"pearson": 0.9243049357374085, "spearman": 0.9084872052242356}, "bias_strat": {"pearson": 0.9151004254268653, "spearman": 0.9038613792624487}, "test_acc": {"pearson": 0.917976029816902, "spearman": 0.9138065143412736}, "mse_ipsw": {"pearson": 0.7690729114446656, "spearman": 0.848762921715434}}