{"Logistic_Regression": {"bias_ipw": {"pearson": 0.6970155612521832, "spearman": 0.4825174825174825}, "spearman": {"pearson": 0.757590634661362, "spearman": 0.9359430604982207}, "bias_strat": {"pearson": 0.9498476578396226, "spearman": 0.8741258741258742}, "test_acc": {"pearson": 0.8788712241263494, "spearman": 0.8671328671328673}, "mse_ipsw": {"pearson": 0.43703754405559236, "spearman": 0.9510489510489512}}, "Simple_NN_(1gram)": {"bias_ipw": {"pearson": 0.9088934383273377, "spearman": 0.6503496503496504}, "spearman": {"pearson": 0.9254568788991003, "spearman": 0.9928825622775801}, "bias_strat": {"pearson": 0.9423594203092364, "spearman": 0.8251748251748254}, "test_acc": {"pearson": 0.9619362249367641, "spearman": 0.9580419580419581}, "mse_ipsw": {"pearson": 0.9991831161258348, "spearman": 0.8111888111888113}}, "HBERT": {"bias_ipw": {"pearson": 0.4927739748591759, "spearman": 0.30069930069930073}, "spearman": {"pearson": 0.4170879529822477, "spearman": 0.7010676156583631}, "bias_strat": {"pearson": 0.6691506220991198, "spearman": 0.44755244755244755}, "test_acc": {"pearson": 0.4818119354363597, "spearman": 0.22377622377622378}, "mse_ipsw": {"pearson": 0.9882459148148955, "spearman": 0.32867132867132864}}, "Logistic_Regression_counts": {"bias_ipw": {"pearson": 0.7175598092395048, "spearman": 0.4895104895104896}, "spearman": {"pearson": 0.8294274210240167, "spearman": 0.9145907473309609}, "bias_strat": {"pearson": 0.9561403120880878, "spearman": 0.8601398601398602}, "test_acc": {"pearson": 0.918464803396913, "spearman": 0.8531468531468532}, "mse_ipsw": {"pearson": 0.5957563125508438, "spearman": 0.6573426573426573}}, "Logistic_Regression_LDA": {"bias_ipw": {"pearson": 0.965966053332611, "spearman": 0.32867132867132864}, "spearman": {"pearson": 0.730058178624413, "spearman": 0.3879003558718862}, "bias_strat": {"pearson": 0.9703560998588837, "spearman": 0.43356643356643365}, "test_acc": {"pearson": 0.8125069124975812, "spearman": 0.6643356643356644}, "mse_ipsw": {"pearson": 0.9999941706994763, "spearman": 0.7342657342657343}}, "Simple_NN_counts": {"bias_ipw": {"pearson": 0.6271292540494868, "spearman": 0.3356643356643357}, "spearman": {"pearson": 0.7747007054556522, "spearman": 0.9715302491103204}, "bias_strat": {"pearson": 0.9142300550181732, "spearman": 0.8391608391608393}, "test_acc": {"pearson": 0.8950874373552776, "spearman": 0.9440559440559443}, "mse_ipsw": {"pearson": 0.9976612429349543, "spearman": 0.8811188811188813}}, "Logistic_Regression_(1gram)": {"bias_ipw": {"pearson": 0.8987455278587181, "spearman": 0.6083916083916086}, "spearman": {"pearson": 0.930978364949897, "spearman": 0.9359430604982207}, "bias_strat": {"pearson": 0.953646759709049, "spearman": 0.7902097902097903}, "test_acc": {"pearson": 0.959810249411238, "spearman": 0.9160839160839163}, "mse_ipsw": {"pearson": 0.7530019760868017, "spearman": 0.9440559440559443}}, "oracle": {"bias_ipw": {"pearson": -0.42837781836372474, "spearman": -0.0979020979020979}, "spearman": {"pearson": 0.0, "spearman": -0.17407765595569785}, "bias_strat": {"pearson": 0.1667149067810249, "spearman": 0.15384615384615385}, "test_acc": {"pearson": 0.6783500841648653, "spearman": 0.4755244755244756}, "mse_ipsw": {"pearson": NaN, "spearman": NaN}}, "Simple_NN_LDA": {"bias_ipw": {"pearson": 0.9621364393004694, "spearman": 0.3636363636363637}, "spearman": {"pearson": 0.7886165742124763, "spearman": 0.22419928825622776}, "bias_strat": {"pearson": 0.9632503210557649, "spearman": 0.41958041958041964}, "test_acc": {"pearson": 0.8619167431588386, "spearman": 0.7062937062937064}, "mse_ipsw": {"pearson": 0.9999944589497421, "spearman": 0.7762237762237763}}, "Simple_NN": {"bias_ipw": {"pearson": 0.8879905338229424, "spearman": 0.7972027972027973}, "spearman": {"pearson": 0.8288653280304954, "spearman": 0.9359430604982207}, "bias_strat": {"pearson": 0.9132389788726589, "spearman": 0.8531468531468532}, "test_acc": {"pearson": 0.9326126322918088, "spearman": 0.9510489510489512}, "mse_ipsw": {"pearson": 0.9979424298596616, "spearman": 0.8951048951048951}}}