{
	"bias_ipw": {"pearson": 0.4248369549598484, "spearman": 0.5796096951177164},
	"spearman": {"pearson": 0.7806706674566326, "spearman": 0.8158554201412599},
	"bias_strat": {"pearson": 0.4556347371052883, "spearman": 0.6369192305021181},
	"test_acc": {"pearson": 0.7278448334909872, "spearman": 0.7925411486908811},
	"mse_ipsw": {"pearson": 0.8672968436609896, "spearman": 0.7676837195075324}
}