{"Signal Intensity": {"bias_ipw": {"pearson": 0.9346718653082857, "spearman": 0.9233082706766916}, "spearman": {"pearson": 0.9946568598445101, "spearman": 0.9804364183596688}, "bias_strat": {"pearson": 0.9915862028211029, "spearman": 0.9488721804511278}, "test_acc": {"pearson": 0.995545308054109, "spearman": 0.9894736842105262}, "mse_ipsw": {"pearson": 0.726867354570111, "spearman": 0.7065462753950338}}, "Absence of Treatment Effect": {"bias_ipw": {"pearson": -0.2889468144761566, "spearman": -0.23636363636363633}, "spearman": {"pearson": 0.9975284822900515, "spearman": 0.9393939393939393}, "bias_strat": {"pearson": 0.11930286503182631, "spearman": -0.22424242424242422}, "test_acc": {"pearson": 0.9975402653666318, "spearman": 0.8545454545454544}, "mse_ipsw": {"pearson": 0.2840729888566638, "spearman": 0.8181818181818182}}, "Number of Users": {"bias_ipw": {"pearson": 0.8059964697191508, "spearman": 0.7535038932146829}, "spearman": {"pearson": 0.941835252648923, "spearman": 0.9262104022123924}, "bias_strat": {"pearson": 0.9372952373692975, "spearman": 0.9256952169076751}, "test_acc": {"pearson": 0.9398056945268267, "spearman": 0.9279199110122357}, "mse_ipsw": {"pearson": 0.8929004731942042, "spearman": 0.9327543976842572}}, "Strength of Selection Effect": {"bias_ipw": {"pearson": 0.7440105286297679, "spearman": 0.7999999999999999}, "spearman": {"pearson": 0.9940127037787032, "spearman": 0.9665288385658837}, "bias_strat": {"pearson": 0.9267709935601997, "spearman": 0.849624060150376}, "test_acc": {"pearson": 0.9913947142069698, "spearman": 0.9774436090225563}, "mse_ipsw": {"pearson": 0.405783610438802, "spearman": 0.8148984198645597}}, "Linguistic Complexity": {"bias_ipw": {"pearson": 0.8859475533822836, "spearman": 0.8874296435272047}, "spearman": {"pearson": 0.9950661664256231, "spearman": 0.980668168168168}, "bias_strat": {"pearson": 0.9760883348143407, "spearman": 0.9624765478424018}, "test_acc": {"pearson": 0.993681164277315, "spearman": 0.978986866791745}, "mse_ipsw": {"pearson": 0.3808403555259769, "spearman": 0.572206572769953}}}