{"Logistic_Regression": {"bias_ipw": {"pearson": 0.8543179013525168, "spearman": 0.6223776223776225}, "spearman": {"pearson": 0.7552339551027428, "spearman": 0.9359430604982207}, "bias_strat": {"pearson": 0.9430184881181894, "spearman": 0.9090909090909092}, "test_acc": {"pearson": 0.8666916620783167, "spearman": 0.8671328671328673}, "mse_ipsw": {"pearson": 0.9837759728702498, "spearman": 0.9580419580419581}}, "Simple_NN_(1gram)": {"bias_ipw": {"pearson": 0.9229714791021354, "spearman": 0.6993006993006995}, "spearman": {"pearson": 0.9195318202030016, "spearman": 0.9928825622775801}, "bias_strat": {"pearson": 0.9461868793486045, "spearman": 0.7902097902097903}, "test_acc": {"pearson": 0.951887082496607, "spearman": 0.9790209790209792}, "mse_ipsw": {"pearson": 0.9986332606228061, "spearman": 0.7972027972027973}}, "HBERT": {"bias_ipw": {"pearson": 0.7815564289191378, "spearman": 0.6293706293706295}, "spearman": {"pearson": 0.8729689935245983, "spearman": 0.8078291814946619}, "bias_strat": {"pearson": 0.9455382487066768, "spearman": 0.7692307692307694}, "test_acc": {"pearson": 0.9359022046667446, "spearman": 0.965034965034965}, "mse_ipsw": {"pearson": 0.9926183100375803, "spearman": 0.43356643356643365}}, "Logistic_Regression_counts": {"bias_ipw": {"pearson": 0.9034005059681406, "spearman": 0.7622377622377624}, "spearman": {"pearson": 0.824144052273126, "spearman": 0.9145907473309609}, "bias_strat": {"pearson": 0.9109738235963409, "spearman": 0.8741258741258742}, "test_acc": {"pearson": 0.9033629192396193, "spearman": 0.8601398601398602}, "mse_ipsw": {"pearson": 0.6800793352591857, "spearman": 0.6153846153846154}}, "Logistic_Regression_LDA": {"bias_ipw": {"pearson": 0.9765949298730987, "spearman": 0.3846153846153847}, "spearman": {"pearson": 0.7456867542734659, "spearman": 0.3879003558718862}, "bias_strat": {"pearson": 0.9792463564578627, "spearman": 0.4545454545454546}, "test_acc": {"pearson": 0.8826616268459397, "spearman": 0.8461538461538463}, "mse_ipsw": {"pearson": 0.9999975895864266, "spearman": 0.7482517482517484}}, "Simple_NN_counts": {"bias_ipw": {"pearson": 0.5405173495740657, "spearman": 0.22377622377622378}, "spearman": {"pearson": 0.7691850489432197, "spearman": 0.9715302491103204}, "bias_strat": {"pearson": 0.9046538516441549, "spearman": 0.8881118881118882}, "test_acc": {"pearson": 0.8806459902073726, "spearman": 0.9370629370629372}, "mse_ipsw": {"pearson": 0.9970327118749464, "spearman": 0.8811188811188813}}, "Logistic_Regression_(1gram)": {"bias_ipw": {"pearson": 0.9439218987279666, "spearman": 0.8041958041958043}, "spearman": {"pearson": 0.9241242365820219, "spearman": 0.9359430604982207}, "bias_strat": {"pearson": 0.9477045135255877, "spearman": 0.7692307692307694}, "test_acc": {"pearson": 0.9547079562161167, "spearman": 0.9440559440559443}, "mse_ipsw": {"pearson": 0.6623719738135091, "spearman": 0.8531468531468532}}, "oracle": {"bias_ipw": {"pearson": -0.24710740199776315, "spearman": 0.08391608391608392}, "spearman": {"pearson": 0.0, "spearman": -0.17407765595569785}, "bias_strat": {"pearson": 0.4998692606478814, "spearman": 0.43356643356643365}, "test_acc": {"pearson": 0.7431458127255264, "spearman": 0.4895104895104896}, "mse_ipsw": {"pearson": NaN, "spearman": NaN}}, "Simple_NN_LDA": {"bias_ipw": {"pearson": 0.9766346186375061, "spearman": 0.5034965034965035}, "spearman": {"pearson": 0.7926136313974462, "spearman": 0.22419928825622776}, "bias_strat": {"pearson": 0.977079623443418, "spearman": 0.49650349650349657}, "test_acc": {"pearson": 0.8797802594107449, "spearman": 0.6643356643356644}, "mse_ipsw": {"pearson": 0.9999975589949553, "spearman": 0.7272727272727274}}, "Simple_NN": {"bias_ipw": {"pearson": 0.5321449987821417, "spearman": 0.32867132867132864}, "spearman": {"pearson": 0.8352386053838587, "spearman": 0.9359430604982207}, "bias_strat": {"pearson": 0.9078345920373462, "spearman": 0.8461538461538463}, "test_acc": {"pearson": 0.9196418435278838, "spearman": 0.965034965034965}, "mse_ipsw": {"pearson": 0.9981325872819726, "spearman": 0.8741258741258742}}}