{"bias_ipw": {"pearson": 0.8324702596216164, "spearman": 0.8492534203764149}, "spearman": {"pearson": 0.9802283812794396, "spearman": 0.9736797430452374}, "bias_strat": {"pearson": 0.9545384166415757, "spearman": 0.9458295714980206}, "test_acc": {"pearson": 0.9806681792650068, "spearman": 0.9806774440556556}, "mse_ipsw": {"pearson": 0.8697558221046562, "spearman": 0.8169096331518907}}